GPA,Gender,breakfast,coffee,comfort_food,comfort_food_reasons,comfort_food_reasons_coded,comfort_food_reasons_coded,diet_current,drink,eating_changes,eating_changes_coded,eating_changes_coded1,eating_out,father_profession,fav_cuisine,food_childhood,healthy_meal,ideal_diet,income,meals_dinner_friend,mother_profession,self_perception_weight,sports,type_sports,vitamins,weight
2.4,2,1,1,none,we dont have comfort ,9,9,eat good and exercise,1,eat faster ,1,1,3,profesor ,Arabic cuisine,rice  and chicken ,looks not oily ,being healthy ,5,"rice, chicken,  soup",unemployed,3,1,car racing,1,187
3.654,1,1,2,"chocolate, chips, ice cream","Stress, bored, anger",1,1,I eat about three times a day with some snacks. I try to eat healthy but it doesn't always work out that- sometimes eat fast food and mainly eat at Laker/ Egan ,2,I eat out more than usual. ,1,2,2,Self employed ,Italian,"chicken and biscuits, beef soup, baked beans","Grains, Veggies, (more of grains and veggies), small protein and fruit with dairy ","Try to eat 5-6 small meals a day. While trying to properly distribute carbs, protein, fruits, veggies, and dairy.  ",4,"Pasta, steak, chicken ",Nurse RN ,3,1,Basketball ,2,155
3.3,1,1,2,"frozen yogurt, pizza, fast food","stress, sadness",1,1,"toast and fruit for breakfast, salad for lunch, usually grilled chicken and veggies (or some variation) for dinner",1,sometimes choosing to eat fast food instead of cooking simply for convenience,1,3,2,owns business,italian,"mac and cheese, pizza, tacos",usually includes natural ingredients; nonprocessed food,i would say my ideal diet is my current diet,6,"chicken and rice with veggies, pasta, some kind of healthy recipe",owns business,6,2,none,1,I'm not answering this. 
3.2,1,1,2,"Pizza, Mac and cheese, ice cream",Boredom,2,2,"College diet, cheap and easy foods most nights. Weekends traditionally, cook better homemade meals  ",2,Accepting cheap and premade/store bought foods,1,3,2,Mechanic ,Turkish ,"Beef stroganoff, tacos, pizza","Fresh fruits& vegetables, organic meats ","Healthy, fresh veggies/fruits & organic foods ",6,"Grilled chicken Stuffed ShellsHomemade Chili",Special Education Teacher,5,2,nan,1,"Not sure, 240"
3.5,1,1,2,"Ice cream, chocolate, chips ","Stress, boredom, cravings ",1,1,I try to eat healthy but often struggle because of living on campus. I still try to keep the choices I do make balanced with fruits and vegetables and limit the sweats. ,2,I have eaten generally the same foods but I do find myself eating the same food frequently due to what I have found I like from egan and the laker. ,3,4,2,IT,Italian ,"Pasta, chicken tender, pizza ","A lean protein such as grilled chicken, green vegetables and  brown rice or other whole grain ",Ideally I would like to be able to eat healthier foods in order to loose weight. ,6,"Chicken Parmesan, Pulled Pork, Spaghetti and meatballs ",Substance Abuse Conselor,4,1,Softball,2,190
2.25,1,1,2,"Candy, brownies and soda.","None, i don't eat comfort food. I just eat when i'm hungry.",4,4,My current diet is terrible. I barely have time to eat a meal in a day. When i do eat it's mostly not healthy.,2,Eating rice everyday. Eating less homemade food.,1,3,1,Taxi Driver,African,"Fries, plaintain & fried fish","Requires veggies, fruits and a cooked meal. ",My ideal diet is to eat 3 times a day including breakfast on time. Eat healthy food. ,1,Anything they'd want. I'd ask them before hand what they want to eat and it depends on which type of friend is coming.,Hair Braider,5,2,None.,2,190
3.8,2,1,2,"Chocolate, ice cream, french fries, pretzels","stress, boredom",1,1,"I eat a lot of chicken and broccoli for dinner, and usually tuna sandwiches for lunch.",1,I started eating a lot less and healthier because I wasn't playing sports year round anymore.,2,5,2,Assembler ,Thai,"grilled chicken, hamburgers","Protein, vegetables, fruit, and some carbs","I would ideally like to eat more fresh fruits and vegetables. However, its difficult to get to the store all the time to buy fresh.",4,"Grilled chicken, steak, pizza",Journalist,4,1,soccer,1,180
3.3,1,1,1,"Ice cream, cheeseburgers, chips.","I eat comfort food when im stressed out from school(finals week), when I`m sad, or when i am dealing with personal family issues.",1,1,"I eat a very healthy diet. Ocassionally, i will eat out and get unhealthy food.",2,"Freshmen year i ate very unhealthy, but now it is much healthier because of self control.",2,5,2,Business guy,Anything american style.,"chicken, cheesey potatoes, and hot dogs",A healthy meal has a piece of meat followed by a lot of fruit and veggies,My ideal diet is filled with a lot of fruit and chicken. I also really enjoy eggs any type of way with toast.,5,"chicken, steak, pasta ",cook,3,2,none,2,137
3.3,1,1,1,"Donuts, ice cream, chips",Boredom ,2,2,I eat whatever I want in moderation.,1,I snack less,2,8,5,High School Principal,Seafood,"Shrimp, spaghetti",Colorful,The same as it is now.,5,"Pasta, Fish, Steak",Elementary School Teacher,4,2,none,2,180
3.3,1,1,2,"Mac and cheese, chocolate, and pasta ","Stress, anger and sadness ",1,1,"I eat healthy all the time when possible. I treat myself occasionally. I don't really like the greasy meals, if anything I would eat sweets over the greasy meals.  ",1,I cook a lot of my own foods back at home so not being able to cook my own healthy choices. I eat more carbs than normal when I'm at college due to the choices given in the cafe. ,1,3,3,commissioner of erie county ,Italian ,"Pasta, Eggs, Pancakes ",Chicken and rice with a side of veggies. ,"Lots of protein, carbs, and fruits and veggies. ",4,pasta salad and bread,Pharmaceutical rep,3,1,field hockey,1,125
3.5,1,1,2,"Pasta, grandma homemade chocolate cake anything homemade ",Boredom ,2,2,i eat very healthy. Maybe eat out 1-2 times a week.,2,Nun ,3,4,2,Idk,Orange chicken and chow mani noodles ,Chicken,"Chicken, and veggies ","Chicken, fish ",3,"chicken al king, spaghetti, fish",Chidos Cleaners,1,1,soccer,2,116
3.904,1,1,2,"chocolate, pasta, soup, chips, popcorn","sadness, stress, cold weather",3,3,"I am very health concious. I eat many fruits, veggies, and protiens. ",1,Less meat. ,4,5,1,Home Marker ,Italian,Scalloped potatoes and ham ,"lean protein, veggies, fruit, complex carbs",More healthy varienty. ,5,"Chicken parm, Fish, Pasta dishes ",Court Reporter ,2,1,Running,1,110
3.4,2,1,2,"Cookies, popcorn, and chips","Sadness, boredom, late night snack ",3,3,I focus mostly on proteins and fruits. I eat a lot less vegetables and a few carbohydrates.,2,I have been eating a lot more salads and soups.,2,5,1,Shirt designer ,Chinese ,"Pizza, chicken wings, and corn on the cob ",A salad with a reasonable amount of dressing and a meat.,My ideal diet would be the proper portions of all food categories. I would also like to eat proteins around my workouts and avoid all deserts.,5,"Cereal, pizza, toast ",Child care provider ,5,1,Soccer and basketball ,2,264
3.6,1,1,2,"ice cream, cake, chocolate","stress,  boredom, special occasions",1,1,Not as healthy when I am at school compared to home. Still very aware of the nutrition I am taking in.,2,not as healthy because healthy food goes bad quickly and it is expensive,1,3,4,business owner,italian,"steak, lasagna, crab",Lots of vegetabls with some grains like rice. Also has lean meat such as fish or chicken.,organic/healthy. fruits and vegetables but still protein to give sustainance. ,5,"pasta, chicken, steak",business owner,3,1,intramural volleyball,2,123
3.1,2,1,2,"Pizza, fruit, spaghetti, chicken and Potatoes  ","Friends, environment and boredom",2,2,"Making sure I have enough protein intake, as well with fibre, vitamins and carbs. ",2,"I knew I would eat alot my freshmen year, before coming to college i had a diet plan. ",3,4,2,Commidity trader ,Chinese ,Pizza,Green and not greasy,"Eat a little less than I usually do, and intaking more protein. ",5,"Pizza, chicken and rice, roast beef.",Charity worker,3,1,Hockey,1,185
nan,2,2,2,"cookies, donuts, candy bars",boredom,2,2,I like a lot of foods that arent home cooked or healthy for you.,2,none,3,4,4,Hockey Coach,italian food,pizza,"chicken, veggies, rice",I wish I ate lots of healthy foods like veggies and salads. ,4,pizza buffalo chicken pasta,Librarian,2,1,Hockey,2,180
4,1,1,1,"Saltfish, Candy and Kit Kat ",Stress ,1,1,I eat very healthy ,1,More Water ,2,5,1,Construction ,Jamaican ,"Curry, Stew Chicken and Saltfish","Not too much carbs, a lot of protein, healthy fats and fruits and vegs ",Vegetables and Fruits with Meat ,1,"Curry goat, saltfish, jerk chicken ",Police,3,2,nan,1,145
3.6,2,1,2,"chips, cookies, ice cream","I usually only eat comfort food when I'm bored, if i am doing something, i can go for hours without eating ",2,2,My current diet is eggs and a meat every morning for breakfast. For lunch ill usually have some pasta or rice with a meat and sometimes a side of veggies. for dinner i usually eat less carbs and more protein and veggies. ,2,"I would say i just eat a little more, but not in a bad way. I have unlimited swipes at the cafe so instead of snacking on chips before lunch or dinner i will get something from the cafe.",1,2,2,self employed construction ,American or Italian ,"chicken fingers, steak, mac and cheese","for me usually a big piece of chicken or steak with a side of veggies, and i usually have rice with mine as well","I like how my diet it now. However, after my season i am going to cut back on some carbs because i won't be working out as much.",6,Grilled chicken or steak with veggies and rice. or some type of pasta and chicken ,stay at home mom,2,1,hockey,2,170
3.4,1,1,1,"Chocolate, ice crea ","Sadness, stress",3,3,I eat lots of fruit and veggies. I eat lots of chicken.,1,I ate at the food hall.,4,6,3,Engineer,Chicken ,Chicken,Everything from food group ,Lots of fruit and veggies. Lots of chicken.,5,"Spaghetti, Chicken, Steak",Daycare provider,3,2,dancing ,1,135
2.2,2,1,2,"pizza, wings, Chinese","boredom, sadness, hungry",2,2,Current diet right now isn't very good. I eat at the school's cafeteria and they do not have the best choices.,2,None really,3,4,2,architect,Italian,manacotti,"lots of fruits and vegitibles, not any fried foods",Something that tastes good and also is good for you. This is very hard to find though.,5,"chicken, manicotti, rice",physical therapist,4,nan,basketball,2,165
3.3,2,1,2,"Fast food, pizza, subs","happiness, satisfaction",7,7,"I eat 2 meals a day, lunch and dinner",2,Late night food,1,3,4,CFO,Mexican,"pizza, chicken fingers","Rice, Meat, vegetable",3 smaller meals a day,6,"Chicken, Pasta, Veal",Teacher,6,1,Soccer,2,175
3.87,2,1,1,"chocolate, sweets, ice cream",Mostly boredom,2,2,"Random. Not strict diet, changes during season",nan,"Less money, less food :(",1,8,1,European logistics director ,Indian,Pasta,Green and colourful,"Mix of Mexican, Asian, and Italian foods.",6,"Meat, wine, chocolate pudding",House wife,2,1,Tennis,2,195
3.7,2,1,1,"burgers, chips, cookies","sadness, depression ",3,3,balanced ,1,got worse ,1,3,1,accountant ,italian ,pasta,"pasta. veg, water ","fruit, veg and protien ",6,"pasta, pizza ",Underwiriter ,2,1,tennis soccer gym,1,185
3.7,2,2,2,"Chilli, soup, pot pie",Stress and boredom ,1,1,2 meals a day. Rarely eat snacks. Fairly balanced diet. ,1,Drink coffee all the time. ,1,7,2,Commercial Real Estate,Asian ,Chicken Nuggets,"Protein, vegetables, grains ",3 healthy meals a day. No caffiene. ,4,"Pizza, Pasta, Poutine",Beautician ,3,1,Gaelic Football,1,185
3.9,1,1,2,"Soup, pasta, brownies, cake","A long day, not feeling well, winter ",6,6,I eat a lot of chicken and try to cook my own meals as much as possible using a lot of rice and vegetables.,2,"I watch the amount of ""snacks"" I eat more than I did in high school.",1,2,4,Manager at Pepsi,Chinese,Spaghetti ,A healthy meal is a lean meat with mostly vegetables and a starch like brown rice or quinoa.,I would like to be a person to eat a larger vegetable based diet with little to no processed products in my diet especially sugar and salt.,4,"Pasta, chicken and rice, and soup",Unemployed,4,2,none,2,105
2.8,1,2,2,"chocolate, ice cream/milkshake, cookies",boredom,2,2,"vegetarian, eat breakfast some days before class, can eat a lot of junk food so I refrain from allowing myself to buy any",1,"none, I have dormed since high school",3,4,2,VP of ,don't have one,"Chicken parm, beef stroganof, tacos","good portions, lots of color, targets main food groups","healthy, colorful, tasty, room for desserts",6,"PastaTake out",Medical biller,3,1,Ice hockey,2,125
3.7,2,1,1,"Chips, ice cream, microwaveable foods ","Boredom, lazyniss ",2,2,"Most healthy diet, but since I'm an athlete have room for some bad foods to burn off quickly ",1,Tend to eat more fried foods ,1,3,2,Beverage and Food Sales,Italian food ,"Chicken Parm, Pizza ","A rice, a vegetable, a piece of meat ","Very healthy diet, and to cook at home with organic foods. ",5,Chicken parm ,Doctors Billing Assiant ,2,1,Hockey,2,160
3,2,1,2,"Chicken fingers, pizza ",Boredom ,2,2,Very healthy. Good balance of proteins and vegetables ,2,A lot healthier ,2,5,2,Dentist ,Mexican ,Steak,"Salad, vegetable, carb, protein ",My current diet,6,"Steak, lobster, chicken ",Dentist ,2,1,Lacrosse ,1,175
3.2,2,1,2,"cookies, hot chocolate, beef jerky","survival, bored",2,2,Whats necessary for survival.  ,1,Too much beef jerky,1,3,2,Electrical Engineer,Italian/German,"Deer Steak, Buttered Pasta, Garlic Pasta","Protein, vegetable and grains",Steak and Burgers,5,"Garlic noodles and steak, Parmesan chicken and pasta, Tacos and pasta",Air Traffic Controller,3,2,nan,1,180
3.5,2,1,2,"Tomato soup, pizza, Fritos, Meatball sub, Dr. Pepper","Boredom, anger, drunkeness",2,2,anything and everything,2,Eating less vegetables because they are less available to me. ,1,3,5,Radio Telecommunications Manager,Indian food - samosas are amazing,"Crab legs, Mushroom soup, homemade rolls","Grilled chicken, mac and cheese, broccoli, apple, milk","Heavy in protein, fruits, and vegetables. ",5,"Tomato soup, Steak, crab",Strategic Planning and Programs Manager,2,2,nan,1,167
4,1,1,2,"cookies, mac-n-cheese, brownies, french fries, ","stress, boredom, cold weather",1,1,I eat some vegetables almost everyday and fruit a couple of times a week. I eat meat a few times a week. I dont eat fast food and try to limit fried food.,1,I drink way more coffee and I dont eat at home as often.,1,7,3,nan,mexican,"french fries, waffles, chocolate","whole grain carbs, vegetables, a small amount of protein",I would eat enough fruits and vegetables everyday. I would have home cooked food at least 5 days a week. I wouldnt like sugar so much.,5,"pasta, chicken with potatoes, pizza ",teacher,3,1,snowboarding,1,115
4,2,1,2,"chips and dip, pepsi, ","stres, boredom, and nighttime",1,1,"Diet consists of 3000-4000 calories a day well rounded from meats, vegetables, and fruit.",2,none,3,4,2,deceased,italian,chicken and biscuits,"4-6 ounces chicken or fish, side of potatoes, and green beans","diet of 1500-2000 calories of white meat, vegetables, and fruit that are all fresh and not processed",4,"Chicken, Steak, Pasta",management,4,2,none organized,1,205
3.4,2,1,2,"Grandma's Chinese, Peruvian food from back home, and sushi",Hunger and Boredom ,4,4,"Not that balanced, but I try not to eat fatty or fried foods.",2,I eat more junk food now.,1,3,3,Lawyer,Spanish,"Spaghetti, Chicken, Won Tons",Plenty of greens and lean proteins,"Plenty of protein, carbs from vegetables and fruits, and healthy fats.",5,"Pasta,Sushi,Steak",Lawyer,4,1,Soccer,1,nan
2.8,1,1,1,"Ice cream, cookies,  Chinese food, and chicken nuggets ","boredom, sadness, and if it has a good taste. ",2,2,I eat a a lot of carbs from pizza and pasta. I also eat a lot of cookies. ,1,I eat more junk food,1,3,2,landscaping ,Italian ,"Chicken Nuggets, Mac and Cheese, and pasta",A balance of vegetables and cooked lean meat.,my ideal diet would be more fruits and vegetables. Also less desserts. ,3,"Chicken Parmesan, pasta,  ",unemployed,3,2,nan,1,128
3.65,1,1,2,"french fries, chips, ice cream","boredom, stressed, sad",2,2,egan dining,1,poor,1,3,3,Vice President of a company,French,"hamburgers, chicken nuggets ",a lot of greens,healthy and protien,6,"pasta, lasagna, chicken ",stylist,2,1,softball,1,150
3,1,1,2,"mac n cheese, peanut butter and banana sandwich, omelet",Boredom usually,2,2,"A lot of rice and veggies, eggs for breakfast, chicken is usually the only kind of meat I eat.",1,My diet is more limited just because of what I have time to make,1,3,2,Owns his own promotional company ,American or Italian,"chicken, pasta, stir fry","Some kind of protein, a vegetable, and a grain",Pretty much what I eat now,4,"Some kind of pasta, a chicken dish, some kind of salad",Works in retail,2,1,Lacrosse,2,150
3.7,1,1,2,"pizza, doughnuts, mcdonalds ",boredom,2,2,"I eat out more often then not. I try to make sure when I eat out it isn't fast food, but instead something healthy like Panera. ",2,I do not snack as often at school. I find that I'm always busy so sometimes I don't have a lot of time to eat. ,1,8,4,Optometrist ,Italian or Chinese ,"pizza, pasta, grilled cheese ","a meal with a meat, vegetable, grain, and fruit ",I wish I had the time and energy to cook more at home on my own. ,6,"spaghetti or pasta, shrimp fried rice, chicken ",Homemaker ,4,1,Softball ,2,150
3.4,1,1,2,"chocolate, chips, candy",Stress,1,1,"I do not get to eat as well as I did.  I wish I ate better, but in college it is hard because of money.",2,I do not eat as many home cooked meals.,1,3,2,Construction ,Italian,Pasta,"A protein, starch, veg, and a healthier dessert. ",I would like to get all of the food groups in each day.  ,6,"Pasta, Pizza, Chicken ",Head of Human Resouces,4,1,Dancing,2,170
3.89,1,1,2,"chocolate, popcorn, ice cream","boredom, stress",2,2,I eat three meals per day usually. I eat a lot of sandwiches and fruit.,1,I have eaten bigger meals.,1,2,2,Biohemical Waste Elimination,italian,chicken parmesan,a lean protein plus the addition of 2-3 fruits and vegetables,My ideal diet would be eating multiple fruits and vegetables at each meal. Also I would only eat lean protein if possible.,5,"Chicken Parmesan, Orange Chicken, Tacos",Accountant,4,1,Lacrosse,2,150
3,2,1,2,"CandyPopChocolate Chipotle Moe's ",No reasons ,9,9,Unhealthy foods from the cafe ,2,I eat more ,1,2,5,Corporate Manager ,Mexican ,Chicken and steak ,Chicken breast with veggies ,"Red and white meats, potatoes, green beans ",6,"Steak and potatoes, burgers and fries, bacon and eggs ",Marketing Analyst,1,1,Hockey,2,175
3.4,2,1,1,"Pizza, Ice cream, fries, cereal, cookies  ",Usually if I'm sad or depressed. ,3,3,"I will eat a full bleakest every morning consisting of eggs, potatoes, and a type of meat with juice. I will have a sandwich or something light for lunch. For dinner I will have meat and vegetables of some sort.  ",2,I eat pretty much the same as I use too. I do have more sweets now though. ,1,9,2,Small business owner ,Italian ,"pizza, ice cream. pop tarts ",A meal with all of the food groups. ,Idealy I would have basically the same breakfast as I do now just with more fruits. For lunch I would have more vegetables and fruits. For dinner I would have the same.   ,6,"Pizza, Japanize Hibachi, Moes   ",Middle school teacher,2,1,wrestling ,2,140
2.9,1,1,2,"Ice cream, chocolate, twizzlers ",Tired ,5,5,I eat food ,1,I do not make my own food very much,1,3,4,Welder,Italian ,Mac cheese ,a salad with chicken and 2 tablespoons of salad dressing ,I to eat enough food to sustain me throughout the entire day ,3,"Chicken, Pasta, Salad",Art teacher ,6,2,nan,1,120
3.6,1,1,2,"ice cream, cookie dough, cookies, cheese","Boredom!, sadness",2,2,"Light breakfast, yogurt or grandola bar. No luch but (healthy) snacks throughout this time period until dinner. Full dinner with meat, vegetables and fruit.",2,I do not make my own food,1,3,2,Design Engineer,Italian,"French Toast, Grilled Cheese, Orange Chicken","Grilled chicken, side salad, rice and broccoli and cranberries",Same as above but with a more concrete lunch. Cut down on excessive snacking. ,6,"Pancakes, Pasta, Grilled Cheese and Soup",Account Clerical ,3,2,nan,2,135
3.5,1,1,1,"ice cream, cereal, and salt and vinegar chips ","All of the above; sadness, boredom and confusion ",3,3,"It needs some re-structuring. Mostly, I eat well but I would like to improve on my water, fruit and veggie consumption. ",1,"Now I prepare my own meals, pack my lunch every day and avoid eating out to save money as much as possible.",2,5,1,Unknown ,chinese,"pickles, chinese food, pizza",It is probably more on the green side and there is less fryed or overly seasoned food. There would be more organic foods rather than processed foods. ,"My ideal diet involves organic foods, more nuts, fruits, veggies and water and a complete absence of processed foods, genetically enhanced foods or fast foods. My ideal diet would be one that involves foods that are grown by me or close to me and one that is essentially best for my health.",3,"pasta, soup, steak  ",Caretaker,nan,2,no particular engagement ,1,100
3.2,1,1,2,"Potato chips, ice cream, chocolate, cookies","Stress, boredom, craving",1,1,"I am on a very balanced diet, eating 4-5 small meals a day filled with fruits, vegetables, lean meat, and good carbs. ",1,"I haven't changed much. If anything, I have become more disciplined. ",2,4,2,Electrical Engineer,Thai food,"Mac and Cheese, Hot Dogs, Grilled Cheese",Mostly green!,"My ideal diet would be to be a vegetarian; however, considering my highly active lifestyle island strength requirement I need as much ""real"" protein I can get. ",5,"Steak, asparagus and potatoes, homemade chicken alfredo, Mexican cuisine",Secretary,3,1,Volleyball,1,170
3.605,1,1,2,"Mac and cheese, fried chicken, cornbread ","Hunger, boredom",4,4,"Healthy, includes many fruits and vegetables. Probably too many carbs. ",1,I eat smaller portions more often,2,5,2,Banker,Greek,"Hamloaf, tuna fish salad, mac and cheese ",Colorful ,"The same as my current diet, maybe less carbs. ",6,"Tacos, spaghetti, grilled cheese",Registered Nurse,1,2,none,2,113
3.8,2,1,1,"popcorn, chips, candy, & fries ","sadness, boredom, & anger ",3,3,At school I eat a lot of pizza or burgers with fries. Occasionally I try to have a salad or a fruit juice with this. I also try to eat more of a home cooked meal with vegetables.,2,Eating more pizza and burgers or fast food.  ,1,2,2,subcontractor ,Italian ,"chicken soup,  perogies, & roast beef  ",A meal that you have cooked yourself without a lot of grease or fat in it.  ,More of a home cooked meal that is not very greasy. Also includes more fruits and vegetables. ,4,"Spaghetti, steak, burgers ",telemarketer ,3,1,soccer ,2,168
2.8,2,1,2,"Chex-mix, Wegmans cookies, Cheez-Its ","Boredom, happiness, distraught ",2,2,lots of pasta and carbs along with lean meats. Also at time some soda and junk food,1,Cereal became an anytime of day food,1,3,2,small business owner ,Italian ,"lasagna, meatloaf, pizza","good balance between meats, grains, fruits, vegetables, carbs, and dairy products ",To cut out the junk food and eat more meat and less pasta. Also eat more fruits and vegetables  ,6,"lasagna,  hamburgers w/ corn, steak  ",nurse,2,1,wrestling & rowing,2,145
3.5,2,2,1,"pizza, ice cream, chips","stressed, upset, or just craving a cheat meal",1,1,"My current diet consists of cafeteria food, which isn't necessarily ideal. I try to eat as healthy as possible but I find myself turning to unhealthy food more often than healthy.",2,Transitioning from home-cooked meals to cafeteria food,1,3,2,House Appraiser,Asian ,"Tacos, Spaghetti, and Roast",one that is well balanced and consists on main food groups,One that consists of a lot of mean and also fruits and vegetables. Drink a lot of water as well.,5,"Steak, Chicken, Tacos",Banker,1,1,Wrestling,1,155
3.83,2,1,2,"fried chicken. mashed potatoes, mac and cheese",They taste better than other food. They are a pickme up. They are easy to make,5,5,I eat alot carbs. Protein (meat) is beautiful.,1,I definitely eat less veggies. ,1,3,2,not sure,Italian ,"mac and cheease, mashed potatoes, salmon",lots of green and color.,I would eat more veggies with a equal balance of carbs and protein. More international flavors would be great.,3,"pizza, pasta, burgers",Office assistant,1,2,none,2,150
3.6,2,1,2,"Popcorn, Chex Mix, Pizza","Stress, boredom",1,1,Healthier than most but not 100% clean.,1,I have started eating a lot healthier.,2,5,2,Fireman,American,Pizza,"Balance of veggies, white meat, fruits, and grains.","No artificial sugars, only natural foods.",1,"Pizza, salad",Secretary,3,2,nan,2,169
3.3,2,1,1,Burger,Lazy,5,5,Great ,1,Mediocre ,1,3,3,President of Automotive company ,All ,Steak ,Chicken ,Organic ,6,"Steak, Chicken, Pasta ",Stay home,2,1,Hockey,1,185
3.3,2,1,2,"Pizza, chocolate, and ice cream ","Boredom, sadness and anger ",2,2,My diet is mostly chicken rice and veggies. I mix in fruit between workouts and snacks like power bars and what not. ,1,I eat very bad on the weekends. ,1,3,5,UPS driver ,Mexican ,"Grilled chicken, pasta, and turkey ",Low carbs and high protein ,One that maintains my goal weight. But also produces enough daily energy. ,5,Chicken Parm,Unemployed ,2,1,Lacrosse ,2,200
3.292,2,1,2,"fries, chips, fried chicken, pizza, grapes","Boredom, sadness",2,2,65 and out,2,nan,3,4,3,HVAC Professional,Sub sandwhiches,"Chicken, Pizza, Cherry tomatoes","Grilled, natural ingredients, and no carbonated beverages",Blend of instant gratification and healthy choices sourced sustainably,3,"Pizza, Steak, Spaghetti","Counseling, Teaching, Geologist, Psychic",4,2,nan,1,265
3.5,2,1,2,"peanut butter sandwich, pretzals, garlic bread","stress, anger and boredom",1,1,Very healthy and clean. A lot of protein and vegetables,1,I eat a lot more healthier,2,5,3,Sergeant correctional officer,Italian,Chicken Alfredo,High protein and vegetables,Clean diet. High protein intake.,6,"Chicken, Steak, Pasta",Teacher,2,1,hockey,1,165
3.35,1,2,2,"chips, dip, fries, pizza","bored, stress",2,2,What ever the dinning hall is serving. When i am hungry i look for something filling more then healthy. ,2,when i eat has changed alot. I have to eat at a certain time everyday or the dining hall wont have food.,4,10,5,union worker,italian,steak and cheesy potatoes,"the different colors of the rain bow. protein, fruit, veggies",My ideal diet is to eat less fast food in a week. Also to add something healthy like salad  to every meal or to have a salad for a meal. ,3,"mac n cheese, steak, potatos",factory worker,3,1,softball,2,192
3.8,2,1,2,"Pizza, Ice Cream, Chicken Wings",I usually only eat comfort foods when I am bored. I will also eat them when I am happy to celebrate and then when I am sad to comfort me.,2,2,I usually eat very healthy. I incorporate fresh fruits and vegetables into every meal.,1,I have begun to eat more fruits and vegetables because I have been more aware of my physique.,2,5,4,Salesman,Thai,Meatloaf,Low protein and carbs and high in vegetables and fruits.,My ideal diet is to cut back on my meat intake and substitute it for other protein sources such as fish or tuna.,6,"Chicken, Beef, Steak",Nurse,2,1,Hockey,1,175
2.8,1,1,2,Pizza chocolate chips bagels ice Capps ,Just cause ,9,9,I eat very heathy on a daily basis ,1,Really paid more attention to what I eat cause it is easy to gain ,2,5,3,Owns his business,Wraps ,Pizza pasta and quesadillas ,Chicken and broccoli ,"Fruits and vegetables, wheat bread, peanut butter, protein bars, protein shakes ",5,"chicken, pizza, stuffed shells",Sales,2,1,softball,1,140
3.5,1,1,2,"Chocolate, ice cream, pasta","Stress, boredom, sadness",1,1,"For breakfast I have oatmeal. For lunch I have a sandwich and fruit. For dinner I usually have a piece of meat, rice or pasta, and a vegetable. ",2,More easy meals like pasta.,1,11,2,Physical Therapist,Mexican,Steak,"Fruit, vegetables, and protien",Ideally my diet would be similar to what I eat now. If I wasn't on a college budget I could spend more money on nicer meat and vegetables which would make my meals a lot better.,5,"steak, noodles, edemame",Elementary School Principal,3,1,Skiing,1,155
3.7,1,1,2,Mac n Cheese. Chips and salsa. Ice cream. ,Boredom. Celebration. ,2,2,Simple breakfast of cereal or yogurt. Lunch is something like a deli meat sandwich. Dinner is a full meal. Veggies meat and starch. ,2,More snacking ,1,11,2,Insurance ,Italian ,Mac and cheese ,Proper serving sizes of almost anything ,Less cheese than I eat. ,6,Steak and veggies. Chicken and rice. Stirfry. ,Real Estate Agent ,3,1,skiing ,2,155
3.6,1,1,2,"peanut butter, dessets, pretzels. ","Sadness, boredom, lonely.",3,3,"My diet consists of fruits, vegetables, grains, dairy, and proteins.",2,At first I ate less but now that I'm in season playing a sport I eat more.,3,4,5,Construction management ,Mexican ,lasagna,Half the plate fruit and vegetables. Other half grains and protein. Then a little dairy. ,The way I eat now I think is pretty good.,6,"Lasagna, steak, chili ",X-ray tech,2,1,Water polo and running ,1,135
Personal ,1,1,2,"Macaroons, truffles, peanut butter n chocolate ice cream","I do not really eat ""comfort food"" but I guess sadness, special occasions, and anxiety ",3,3,"My diet is pretty healthy and consists of chicken, turcky, and veggies. I rarely eat unhealthy food or fast food.",1,"I have gotten healthier with my eating habits. As a result my parents starting eating healthier too, even though I do not live with them.",2,5,2,Dead beat ,Mexican ,Chocolate,"chicken, veggies, fruit, water ","My ideal diet would be to add more fruits and veggies. Also, to go to the gym more but school gets in the way. ",4,"I would say ""lets go out""",Respiratory Therapist,2,2,nan,1,118
3.9,2,1,2,"ice cream, cookies, ice cream","boredom, sadness",2,2,I try to eat as healthy as possible. 3 meals a day that are well-balanced.,1,As an athlete it is important to fuel my body with important foods only.,2,5,5,police force,Italian,"Pizza, Pasta, Chicken","high protein, low fat, low carbs and sugar","High protein, low fat",6,"pasta, chicken, vegetables",Legal assistant,2,1,Ice Hockey,1,210
2.6,1,1,2,"carrots and ranch, pretzels, dark chocolate ",sadness,3,3,"High in protein, fruits, and veggies. Low in fats.",nan,nan,3,4,4,VP of GNC,Italian ,"chicken tenders, pasta, mac&cheese ","high protein, fruit, veggies, low carbs and fat",My ideal diet is my diet. ,5,"chicken and pasta, homemade pizza, lasagna ",dietitian ,2,1,rowing ,2,180
3.5,1,1,1,"cookies, nutella, ice cream, coffee, fruit ","Bordem, happiness, sadness",2,2,"I eat fruit and vetagables with every meal. I only drink water, no soda. I tend to stay away from greasy food. ",1,"I ate more junk food, but also more fruit. ",1,3,3,Owner of New York Lunch,Chinese cuisine (General Tso's),"chicken stir fry, spaghetti, chicken parmesan ",Meal prep'd foods with food from each section on the food pyramid. ,"I want to eliminate all the junk food I ate. Besides that, I want to keep my diet the same. ",2,1. pasta 2. spaghetti 3. chicken and rice ,CNA ,4,1,Volleyball,1,140
3.2,1,1,2,mac and cheese,boredom,2,2,"I don't follow a diet, I eat whatever I want",1,"I snack more, having fewer full meals",1,11,3,Dentist,Italian,"Mac and Cheese, Chicken nuggets",vegtables,"No, diet",6,"Lasagna, Steak, Pasta ",Periodontist,2,2,None,2,112
3,1,1,1,"Chocolate, Popcorn, Icecream",sadness,3,3,"My current diet usually includes at least one serving of vegetables per day, and I usually am eating fruits and whole grain things. ",2,"I eat more fried food, such as french fries.",1,3,2,mechanic ,American ,Mac and cheese ,"Milk for a drink, meat, a grain, vegetable, fruit for dinner",My ideal diet is my mom's home cooking. It's always healthy and organic. ,4,"mac and cheese, pizza, chicken ",business,2,1,tennis  ,1,125
3.6,1,1,1,"Ice cream, cake, mozzarella sticks, pierogies ",Boredom,2,2,I typically try to eat healthy but being away at school makes it harder. I try to avoid junk food as well and trying to only eat it on the weekends.,2,I eat a lot less than I did at home but find myself snacking more than actual meals. ,1,3,3,Truck Driver ,Italian ,"Mac&Cheese, Chicken Nuggets ","It has protein, vegetables and some carbs ",I would like to get more protein in me. I would also like to eat healthier more consistently rather than here and there. ,5,"Lasagna, Pizza, Pasta ",Project Manager ,2,1,"Recreational Basketball, Equestrian Team",2,144 lbs
3.2,1,1,1,"Chips, Mac and cheese, pizza, French fries ","Stress, sadness, bored ",1,1,My current diet is balanced and includes food from all the food groups. ,2,I don't eat as healthy because there aren't as many healthy options at the dinning hall. ,1,3,1,Dentist ,Italian ,"Pasta, pizza, meatballs ","Balanced between protein, veggies, and carbs",My ideal diet is a diet that makes me feel good but also allows me to eat junk food once in a while. ,6,"pasta, chicken parm, tacos ",school teacher,3,1,soccer,2,145
3.67,1,2,2,"Pizza, burritos, slim jims","Boredom, stress, and it tastes good",2,2,I am not vegetarian. I love red meat like steak and salami. I try to limit the amount of carbs I eat,2,Freshman year I did not watch my diet at all and really let myself go. I ate pizza and fries for almost every meal. Summer following freshman year I knew I needed to stop doing that so I cut out as many refined carbs as I could and try to eat healthier portions.,1,3,2,Sales Manager ,Italian,"Steak, Garlic and butter noodles, schnitzle","Well portioned meat, veggies, and fruits. Water instead of a sugary drink like pop. ",My ideal diet would be cutting out red meats and sticking to leaner meats like turkey or chicken. Also keeping refined carbs out of my diet would be ideal.,6,"Steak, pasta, burgers",Homemaker,3,2,None,1,130
3.73,1,1,2,"Broccoli, spaghetti squash, quinoa, and grilled chicken","Bad day, bored, sadness",2,2,Healthy and light,1,I don't eat as often,1,8,1,Retired - Bus Driver,Italian,Pizza and Spaghetti,"A vegetable, a protein, and a fruit",Healthy and light,3,"Pizza, Italian, anything chicken related",Stay-At-Home Mom,3,1,Rec Volleyball,1,140
4,1,1,2,"Chocolate, ice cream, cookie dough","Boredom, being in your period, and long bus rides for softball",2,2,"My meals consist of a vegetable, a meat and usually a carbohydrate. I eat a lot of fruit and snack in between meals on little things.",1,I tend to snack more and have smaller meals.,1,11,1,Transportation ,Italian ,Spaghetti ,"A balanced meal with a protein, carbohydrate and a vegetable.","I would like to eat less carbohydrates, such as pasta and breads. I wish I knew how to incorporate healthier alternatives to the foods I eat.",5,"Spaghetti, steak, or chicken",Social Services,4,1,Softball,1,140
3.1,2,2,2,"pizza, pretzels, fruit snacks, deli sandwhich","boredom, anger, happy",2,2,I eat somewhat healthy. The food at egan is not the best.,2,I eat a lot less and more junk food.,1,3,1,Police Officer,Lean,Pizza Mac n Cheese Pasta,salad,I would like to consume a lot more meat and protein. I want to consume more fruit.,5,"Pasta, Steak, Chicken",Runs a Daycare,3,2,nan,1,140
3.79 bitch,2,1,2,"Chips, ice cream","Boredom, stress",2,2,I have a diet of meats and other high protein foods. ,2,I stopped drinking soda and only drink water now,2,12,4,Risk Manager,Mexican,Pizza,"Protein source, vegetables, fruits, whole grains",A balanced diet with each food group. Getting enough protein and carbohydrates.,6,"chipotle, chick fil a, chicken and rice",Customer Service,3,1,baseball,1,200
2.71,2,2,1,nan,nan,9,9,nan,2,nan,3,4,1,retire,nan,nan,nan,nan,3,"rice and Chicken, sea food",nan,3,2,nan,2,nan
3,1,1,2,"mac and cheese, potato soup, ice cream, chips and cheese","sadness, stressed, boredom",3,3,I normally eat a salad every day. I try to get at least every food group into my diet,1,I do not eat as many fruits and vegetables as I normally would as being home even though i do eat them still,1,3,2,car salesman,italian ,"salad, chicken, pizza","grilled meat, fruit, vegetable, and some grains",Eating all fruits and vegetables. Staying away from all the unhealthy foods.,5,"Chicken, Spaghetti, Hamburgers",RN,3,2,I danced in high school,1,120
3.7,1,2,1,"chocolate, pizza, and mashed potatoes",boredom and stress,2,2,Current diet is rather poor.  I eat a lot of chicken and carbs.  I also tend to eat a lot of desserts.,2,"I eat less healthy breakfast now, usually just grab something quick like a granola bar.",1,3,2,dairy farmer,american ,"pizza, mashed potatoes, chocolate chip cookies",a plate that has a variety of colors not just one color,"My idea diet would consist of eating more balanced diet consisting of fruits, vegetables, and meat.  I would like to not eat so much unhealthy junk food/desserts.",3,"chicken, steak, pizza",program director,4,1,horse back riding,2,150
3.1,2,2,1,Pizza cookies steak ,Boredom comfort hunger ,2,2,Meat carbs and candy ,2,Expansion of eating variety ,2,13,2,Dairy Farmer ,American ,Pizza and wings ,Meat and potatoes ,Meat carbs and candy ,3,"Steak, Pizza, Haddock ",Programs coordinator ,3,1,Basketball ,2,200
3,1,1,2,"chocolate, fruit, and ice cream","stress, boredom",1,1,"At school its hard but usually a granola bar and fruit for breakfast, a wrap for dinner or lunch, and then veggies and hummus.",1,not going to Egan every meal maybe once a day,1,2,2,self employed,Japanese,"tacos, pizza, chicken wing dip","good portions of fruit, protein, veggies and carbs",To eat moderations of every food group each day and no processed food,5,"mexican chicken, hibachi chicken and rice, steak",self employed,3,1,competitive skiing,1,135
3.9,2,1,2,Chips sweets popcorn,Boredom,2,2,No diet. I eat what makes me feel good,2,More coffee less water ,1,7,1,Contract negotiations,Chinese,Sloppy joes,All food groups,Whatever makes me feel good. Doesnt cost a fortune. ,6,"Chicken and vegetables, Roast Beef, pasta",none,2,1,"Rowing, Running, and Cycling",2,145
3.4,1,1,2,"Cookies, burgers, chicken noodle soup, ice cream","happiness, hunger, sadness",7,7,If there is berries I will eat them.  Eat any kind of pasta.  Hate cooked vegetables,2,Less fruits and veggies,1,3,3,Police Officer ,Italian,"Spaghetti and Meatballs, Steak, and Burgers","All of the food groups(carbs, veggies, fruits,etc)",More fruits and Veggies.  Less carbs,4,"Salad, pasta, and ice cream",Legal Secretary,3,2,nan,1,130
3.5,1,2,1,"cake, French fries, chicken nuggets","boredom, sadness",2,2,"I eat fruits, dairy and carbs ",2,convenience food ,1,3,3,IT,Italian,"chicken fingers, pasta, pizza",all elements of food pyramid,a colorful diet,4,"steak, mashed potatoes, vegetables ",secretary ,4,1,softball and basketball,2,190
3.7,1,1,2,"pizza, ice cream, cookies",boredom,2,2,I eat two-tree meals per day. Always eat a breakfast. ,2,Food is not as healthy. ,1,3,5,Works for Kirila Fire,Italian,spaghetti and tacos,lots of colors,A good breakfast. A healthy lunch and dinner.,3,"pizza, tacos, pasta",works in Loans department in First National Bank,3,1,wrestling,2,170
3.7,1,1,2,"Mashed potatoes, pasta","Boredom, sadness, or with friends ",2,2,I eat healthy as well as unhealthy. I try to keep a balanced diet but often eat junk food with friends.,1,Eating at Egan or the laker has definitely made me gain weight because every time I go home and eat I lose weight. ,1,2,2,Realtor,Any type of Colombian cuisine,Spaghetti or  chicken panini sandwich ,Has fruits vegetables and or some type of meat ,Delicious but also very healthy for you. Low in carbs but does not delete carbs all together.,1,"Spaghetti con Chorizo, Carne Asada, Salmon",Janitor,3,1,Marching Band,2,127
3.83,1,1,2,"Pasta dishes, Cheesecake, Pancakes","Sadness, Loneliness, Boredom",3,3,I eat a paleo based diet high in protein and low in fat. I stay away from processed foods as much as I can.,2,"Huge changes have occurred. I eat far healthier, less processed  food, less dense carbohydrates and way more vegetables and fruits.",2,5,2,Solar Engineering ,Mexican cuisine,Spaghetti and Pop-tarts,Mostly vegetables and plenty of lean protein and healthy fats to keep you full,Staying away from processed foods completely and incorporating more plant proteins opposed to meat proteins would be ideals.,5,"Stuffed chicken breasts, spagetti carbonara, breakfast for dinner ",Yoga Instructor ,2,1,Collegiate Water Polo,1,167
2.6,1,1,2,"Ice cream, pizza, cookies",Mostly Stress,1,1,I try to eat something light for breakfast like cereal or an apple. For lunch I eat sandwiches or pasta also something somewhat light and I eat however much I'm hungry for at dinner. Sometimes I try to be healthy with a salad or something and then I get dessert ,2,I eat way too often and way too much x,1,2,3,Lawyer,Asian,"Pasta, breakfast for dinner, pizza","Lots of Greens, meat and water","Healthy smoothies for breakfast, healthy sandwich for lunch. For dinner, something wholesome and also healthy. Then a light dessert.",6,"Pasta, breakfast for dinner, pizza",Nurse,3,2,None right now,1,140
3,1,1,2,"Chinese food, moes, sponge candy, homemade lasagne ","boredom, sadness ",2,2,Eat fruits and vegetables daily and with almost every meal. Diet mostly consists of meat as well. ,2,Less snacking ,2,5,1,Service Technition,Chinese food,"peanut butter and jelly, celery and peanut butter, hot pockets ",Small portion of meat with majority fruits or vegetables ,More organic food. Want to try and add more seafood into my diet.  ,6,"Pizza, Chicken and rice and pasta",Sales Manager at Business First,4,1,"volleyball, lacrosse",1,190
3.2,2,1,1,"pizza, pasta, mac and cheese",when i am sad or craving,3,3,I try to eat healthy but sometimes drink soda pop and I enjoy desserts. harder to eat healthy when I am at school. ,2,"less healthy because of less options, money and time.",1,3,2,engineer ,mac and cheese,pizza,lots of variety and veggies,Eating healthy with lots of water and natural foods. ,6,"Pasta, pizza, and chicken",principal ,4,1,field hockey,1,155
3.5,2,2,2,"Little Debbie snacks, donuts, pizza",None,9,9,High protein and high carbs with fruits and vegetables as needed,2,Willingly eating vegetables ,2,5,1,handyman,Mexican,"Quesadilla, chocolate, steak","High protein, high carbs , vegetables ",Same as current diet ,2,"burritos, pasta, chicken",home cleaner,2,2,nan,1,175
3.2,1,1,2,"carrots, plantain chips, almonds, popcorn ","stress, boredom, college as whole ",1,1,"i currently eat a lot of salad, but do not eat 3 times a day nor eat breakfast ",1,I have been eating healthier especially vegetables and proteinous food ,2,5,2,cross-guard ,Authentic Chinese and Vietnamese food ,"Jollof Rice, Bread, pasta ","Healthy meal for me is a food rich in protein, fiber, some sort of carbohydrates",it would be a vegetarian diet without any red meat ,3,"Rice with vegetables, chicken with pasta, salad",A teacher ,3,2,none ,1,129
3.68,2,1,2,"chips, ice cream, fruit snacks",boredom,2,2,I used to eat whatever but since i've come to college i try to eat fruits and vegetables everyday. I also avoid fried foods.,2,i eat healthier all around,2,5,2,Project manager,italian and chinese,"Chinese food, pizza, chicken adobo","half a plate of protein, quarter of a plate of carbs and the other quarter fruits or veggies.","My ideal diet would be no processed food or fried food. Also, very low in excess carbs and high in protein.",6,"any Chinese food, pasta, burgers",Secretary ,4,1,Fotball,1,260
3.8,1,2,2,"Macaroni and cheese, chicken noodle soup, pizza",Boredom and stress,2,2,I eat very basic foods like pizza and pasta. I don't try many new things. ,2,"Home cooked meals and a lot more difficult to have at college. It's typically quick, on the go foods. ",1,3,3,Teacher,American,"Pasta, chicken, pizza ",Very colorful and smaller portions of the unhealthy food with larger portions of vegetables ,Ideally I would eat more fruits and vegetables in my diet along with some junk food. ,6,"Pasta, chicken, pizza ",Teacher,3,2,crew,2,135
3.3,2,2,2,"Chocolate, Chips, Ice cream, French Fires, Pizza","Stress, sadness, boredom",1,1,My diet consists of high levels of meats with some vegetables. Coexisting with varying levels of sugars ,2,I have increased the amounts of vegetables I eat due to the unhealthy options in our dining halls,2,5,5,Truck Driver,Barbecue ,"Steak, Chicken Tenders, Pizza",Chicken Salad with Pita Chips,A balance between meats and vegetables with less sugar,3,"Chicken, Pork Chops, Steak",Customer Service Representative ,4,1,"Football, Basketball, Volleyball, Golf",2,190
3.2,2,1,2,"Mac and cheese, lasagna, Chinese food ","Boredom, sadness",2,2,Very poor. Heavy carb consumption. ,2,I eat alot of carbs and eat much more frequently,1,2,2,Senior Manager,Italian,"Spaghetti, Italian potato soup","Fruits, vegetables, meat ","Alot of fruits and veggies. Meat and bread. Water, because hydration is important kids",4,"Salmon, hamburger surprise, Italian potato soup",Stay at home mother,3,2,nan,2,165
3.75,2,1,2,"candy, Chinese, mcdonalds",laziness and hungover,5,5,Complete diet. protein vegetables and carbs,2,I eat whatever is offered at egan or at the laker,1,3,2,information systems architect,lebanese or greek,"steak, spaghetti, salmon",steak or salmon with broccoli or asparagus and brown rice or quinoa,High protein with lots of vegetables and fruit,6,"salmon, steak, spaghetti squash",teacher,3,1,"hockey, soccer, golf",1,175
3.5,2,1,2,"Doritos, mac and cheese, ice cream","Boredom, hunger, snacking.",2,2,"I eat usually 2 times a day, either breakfast and dinner or lunch and dinner.  I feel that is enough for me.",2,Food is readily available so I don't have to cook so it's easier to eat a lot.,1,2,2,Supervisor,American,Macaroni and Cheese,a balance of Meat and vegetables,I like the diet I have now.  I could eat 3 times a day but I feel healthy as is.,5,"Pasta, fish, steak",Treasurer,2,1,Wrestling,2,184
3.92,2,1,2,"Ice cream, cake, pop, pizza, and milkshakes.","Happiness, sadness, celebration.",7,7,Currently whatever Egan has at the moment.,2,I've eaten more fruits and vegetables. Started eating seafood.,2,5,2,Delivery Man For Fritolay,Italian,Pizza,Modest proportions of many different food groups.,"Variety of fruits, vegetables, and meats in healthy proportion.",6,"Pizza, chicken, pasta",Special Ed Teacher,6,2,Soccer,1,210
3.9,1,1,2,"Mac and Cheese, Pizza, Ice Cream and French Fries ","Boredom, anger and just being hungry in general.",2,2,I try to maintain a healthy diet. I always try to eat foods that are beneficial to my health and that will impact me in the long run.,2,Coming to college I definitely have tried to change my eating habits in order to maintain my weight and be more healthy. ,2,5,2,nan,Italian,"Chicken Parm, Spaghetti, and Grilled Cheese",It combines a protein with other elements of the diet such as vegetables and other items that support the body.,"I want to aim to eat foods that are healthy and nutritious. Since I workout a lot, I want to eat foods that will replenish the nutrients my body needs in order to function. ",5,"Chicken Parm, Baked Ziti, Shrimp Alfredo ",Accountant ,3,1,Running ,2,155
3.9,2,1,1,"Soup, pasta, cake","Depression, comfort, accessibility ",3,3,Somewhat unhealthy. This is due to my hectic work and school schedule.,2,When I was on campus (which I am not anymore) I ate way more fruits and vegetables since I had easy access to them.,2,5,5,Business Owner,Italian,"Chicken parmigiana, wedding soup, pasta","Well balanced with protein, fruits, vegetables, starch, etc.",My ideal diet would be one that is well balanced. It would include lots of fruits and vegetables.,6,"Chicken parmigiana, pasta, wedding soup",Homemaker,4,1,Tennis,1,185
3.2,1,1,1,"mac & cheese, frosted brownies, chicken nuggs","they are yummy, my boyfriend sometimes makes me sad, boredom",3,3,"i drink alot of lemon water, and milk. i also eat ice cream frequently after dinner. but i also eat lots of fruits and veggies",1,eat more salads,2,5,3,business owner,italian,"chicken, macaroni & cheese, cheesy potatoes","lean meat, fresh fruits & veggies",ideal diet would be less sweets and carbohydrates. ,4,"chicken alfredo, chicken parmesan, spaghetti",certified accountant,3,1,softball,1,165
3.5,1,1,2,"watermelon, grapes, ice cream","Sad, bored, excited",3,3,I typically eat very healthy. i consume fruits and vegetables in about every meal. ,1,I consume a lot more grapefuit since I've come to college. The meals here are also more greasy than I am used to. ,1,3,2,Beacon Light ,Italian ,"Spaghetti, Tuna noodle casserole, Italian sausage","water, fruits, vegetables, protein, carbs","Although I don't eat junk food very often, i would love not to have those days where I eat a lot. ",2,"spaghetti, steak, lasagna ",nothing ,2,1,"Volleyball, Track",2,125
3.4,1,1,2,"macaroni and cheese, stuffed peppers, hamburgers, french fries","boredom, stress, mood swings",2,2,At this time it is very touch and go. Some days I live on sandwiches and ice cream while other days I eat lots of fruits and vegetables. ,2,I eat a lot more carbs than I did when I lived at home.,1,11,2,salesman,sushi,"chicken nuggets, macaroni and cheese",More vegetables and fruits as opposed to meat and bread/potatoes,"If at all possible, I would like to be able to eat a lot healthier. I would like to eat more fruits and vegetables with the hope of eventually going vegetarian.",5,nan,social worker,5,2,nan,2,160
nan,1,1,2,"Pizza, mashed potatoes, spaghetti","Anger, sadness",3,3,"A very healthy diet. Avoiding junk foods, and any white breads. ",2,"Avoiding ""easy options"" such as junk foods ",2,5,3,Mechanical Engineer,Italian,Pizza,"A protein, veggies, and a carb","A very healthy diet, with the occasional splurging on junk foods. ",nan,nan,Secretary,4,2,nan,1,135
3.7,1,1,2,"dark chocolate, terra chips, reese's cups(dark chocolate), and bread/crackers with cottage cheese","Anxiousness, watching TV I desire ""comfort food"" ",8,5,I have been eating mainly proteins and some fruits and vegetables every day with some less healthy snack foods.  ,1,"Coming to college I have ate less well colored meals each day due to lack of income and desire to save money. I used to eat more fruits and vegetables, more chicken and salmon, now these habits have lightened up and are not as frequent and regular in the week. I have also started eating more bread and dairy products.",1,3,2,GE Salesman,Indian food,Tortellini and Broccoli with parmesan cheese and homemade breaded chicken with sweet potato,"Salmon, sweet potato, and larger portion, but equally spread of broccoli, squash, zucchini, carrots, and tomatoes.","I would like my diet to fulfill all the colors of the rainbow, with mainly fruits and vegetables as the primary source of intake, and about one fourth intake of proteins, and little to no snacks per day.  ",4,"Spaghetti and pasta, seasoned salmon with steamed or boiled broccoli, or soup with ritz crackers if I was busy that day.",Respiratory Therapist,6,2,"When I can, rarely though play pool, darts, and basketball.",1,130
Unknown,1,1,2,"Chips, chocolate, ,mozzarella sticks ","Boredom, sadness, anxiety",2,2,"High in carbs, but I have recently tried to cut down on fats, salt, and sugars. I choose more organic options as well as more fruits and vegetables. ",2,I've definitely gotten used to eating more often since I have a fully cooked meal available to me at all the time.  Sometimes I would only eat one full meal and a snack in high school because I was so busy and did not have the time to cook. ,1,2,2,Business Owner,Italian ,"Chicken Marsala, Manicotti, Mashed Potatoes","Vegetables, white meat, and a starch like potatoes, water, and fruit for dessert ","A low car, low fat diet with no red meat and lots of plant-based things. I would like to cut red meat out entirely and also cut down on processed snack foods. ",5,"Pasta, Burgers and Fries, Chicken Marsala",Substitute Secretary,5,2,None at the moment,1,230
3,1,1,2,"ice cream, chips, candy","Boredom, laziness, anger",2,2,"Since I am a college student I rarely cook full meals with protein, vegetables and starch. I usually just heat up leftovers from a restaurant or go eat casual food at the dining hall.",2,I do not eat full meals. Rarely eat 3 meals a day. ,1,10,3,Ford Plant employee,Italian,"hot dogs, chicken fingers, mashed potatoes","I think a healthy meals includes some kind of protein, preferably meat, vegetables, and a starch such as potatoes or rice","My ideal diet right now would be how it was when I lived at home. I ate breakfast every morning, brought a lunch to school, and had a home cooked meal by my mom that included meat, vegetables and a starch. ",4,"Chicken rice and asparagus, pizza, something easy in the crockpot",Insurance Coordinator,3,1,volleyball,2,125
3,1,1,2,"Pizza, soda, chocolate brownie, chicken tikka masala and butter naan ",Stress and sadness,,1,"It is pretty balanced with a diverse mixture of proteins, carbohydrates, vitamins and minerals. Fruits and chicken dominate my diet. ",1,"I have been drinking more water. Since college, I've been more conscious about my diet and incorporated more fruits on my diet. ",2,12,5,Clinical Researcher,Nepali,"Chicken Biryani, Dad's burgers, Chicken curry",A healthy meal constitutes of balanced diet with fruits and veggies dominating the plate. ,My ideal diet would getting to eat small portioned meals in every 2-3 hours. ,1,"Marinated nuts, prawn crackers, drink of their choice, mixed veggie crackersRice, chicken curry, lentil, pickle, potato kebabLemon Meringue Pie",Supervisor,4,2,None,2,130
3.8,1,1,1,"Chocolate, Pasta, Cookies","I am always stressed out, and bored when I am in my apartment. ",,1,I try to eat a balanced meal. I refrain from anything too fatty. ,1,My diet could improve now. I have been eating more than I should.,1,2,2,Retired ,I really love italian food and thai food,dino chicken nuggets,To me a healthy meal is balanced and ,I would like to try to eat vegan. ,4,"Pasta, Croque Madam, chicken ",Travel Agent,4,2,I used to play softball ,2,165
3.8,1,1,2,"Candy, salty snacks, toast","Stress, sadness, boredom",,1,moderately health conscious ,2,Late night snacking,1,2,2,Sales,Italian,Spaghetti and chicken parm,"equal portions of carbs, proteins and fruits/veges","Small portions, healthy foods",6,"Steak, salmon, chicken parm",Real Estate,3,1,Ice hockey,2,128
3.4,1,1,2,"Mac in cheese, pizza, mozzarella sticks ","Stress, frustration, self-consciousness ",,1,"protein, carbs, less fruits and vegetables, some sweets ",2,I snack less and eat smaller portions ,2,5,3,School Library Media Specialist ,Italian ,Chicken parm. ,Salad with chicken and vegetables with a raspberry vinaigrette ,Much more vegetables and lean protein,6,"Spaghetti, Grilled Chicken, Pizza ",School Library Media Specialist ,5,2, None,1,200
3.7,1,1,1,"Ice-cream, pizza, chocolate",Sadness and cravings,,3,I eat at least 2 times a day at the universities dining places. I also sometimes cook myself and try to eat healthy a majority of the time. ,1,I eat out more. ,1,3,4,Retired,Italian,Spaghetti,"It includes a protein, vegetable, fruit, and grain. ",I hope to continue to eat healthy and cook more on my own. I want to incorporate more fruits and vegetables. ,3,"Grilled chicken, Spaghetti, Alfredo ",Deceased,3,1,Volleyball,2,160
2.9,2,1,2,"snacks, chips, ",boredom,,2,some healthy food and also some not so healthy.,2,more healthy food,2,5,2,nan,nan,"Pizza, Pita, Lasagna",low calories plenty of veggies,more healthy food such as vegetables than bad food such as burgers.,5,nan,nan,3,2,nan,2,170
3.9,1,1,2,"Chocolate, Ice cream, pizza","Sadness, happiness and boredom",,3,I eat a lot of proteins and fruit and vegetables. I try to stay away from carbohydrates and sugary foods.,1,I had to change a lot. I keep track of calories and cut out most breads and wraps.,2,5,4,Mechanical Engineer ,Italian ,"Mac & Cheese, Chicken, Stir Fry ",A pice of meat such as chicken with a side of vegetables and possibly a salad,I wouldn't want or crave any sweets or breads.I would be satisfied with protein and fruit and veggies. ,6,"Dinner, Lunch, Dessert ",Fourth Grade Teacher ,3,2,nan,2,129
3.6,1,1,1,"ice cream, pizza, Chinese food ",Boredom and sadness,,2,"My current diet would be considered a ""college diet"". I eat a lot of pizza and ramen noodles. ",2,They have gotten very bad. I eat a lot more food that I know I should not eat. ,1,2,3,Teacher,Italian ,Mac and Cheese ,"Blackened Chicken, broccoli, and milk",My ideal diet would be a healthy diet. I would eat meats and veggies. ,6,"Beef Stroganoff, Chicken and Mashed Potatoes, Tacos ",Accountant ,4,2,None,2,170
2.8,2,1,2,"Burgers, indian and korean food","sadness, happiness and hunger",,3,Not very healthy,2,not eating meals on time,1,10,3,Politician,Korean,"Dumplings, Chicken Curry and Pizza","Meat, greens and food containing protein",Healthy and tasty,3,"Meat, meat and meat","Works in WWF, world wild life fund",1,1,"Tennis, Basketball",2,138
3.3,2,1,2,"chocolate bar, ice cream, pretzels, potato chips and protein bars.","Stress, boredom and physical activity",,1,I currently eat an abundance of carbohydrates. I have a low intake of protein. I overly intake calcium.,2,Eating more dairy due to more ice cream intake.,1,3,2,Pharmaceutical,I do not like cuisine,"Pasta, Pizza, Popcorn",Intaking the proper amount of each food group,"My ideal diet would be an equal balance of all the food groups. I would like to eat more protein. Also, i would prefer to cut back on the junk food.",6,"Pasta, Chicken, Pizza",Health teacher,2,1,Hockey,2,150
3.4,1,1,2,"Ice cream, chocolate, pizza, cucumber ","loneliness, homework, boredom ",,2,"It is very unbalance. Mostly fat food, Lack of vegetables.",1,less vegetable more sweats,1,3,4,Business Man,Chinese ,"Fry Chicken, Rice Vegetable",BBQ Chicken with mash sweat potatoes and steam vegetable with corn and a glass of water.,Very healthy. Freshly done. properly cooked,1,"Rice and Peas and Chicken, Jerk Chicken and Shrimp",Business Woman,4,2,none,1,170
3.77,1,1,2,"Noodle ( any kinds of noodle), Tuna sandwich, and Egg.",When i'm  eating with my close friends/ Food smell or look good/ when I feel tired,,5,I eat in dining hall of school everyday. I usually have both meat and a little vegetable in every meal. ,1,"I eat more vegetable. Since coming to college, I started to eat salads and tried to eat salads at least three times a week.",2,5,2,His own business,Vietnamese cuisine,"Noodle, Wings, and Tiramisu",Including both vegetable and meat,My ideal diet should include both vegetable and meat. It is not only healthy but also delicious. ,2,"Vietnamese fried rolls, Pho, Some kinds of noodles.",Her own business,4,2,"No, I don't play sport.",1,113
3.63,1,1,1,"Chinese, chips, cake",Stress and boredom ,,1,Try to eat as healthy as possible. A few days where fast food comes into play because of classes. ,1,I try to eat more fruits and vegetables ,2,5,2,HVAC technician ,American ,Chinese,Chicken vegetables and fruit for dinner ,All home cooked. Healthy. Vegetables and fruit. ,3,Chinese tacos or pasta ,Grieveance coordinator of the SCI albion prison ,4,2,None,2,140
3.2,2,1,2,"chips, rice, chicken curry,","Happiness, boredom, social event",,7,"My diet is mostly whatever I get to eat in the grotto commons. Sometimes, I eat outside",1,Started eating a lot of protein rich food that i didnt before.,2,5,2,United Nations,Indian,"pizza, burger, pasta",A diet that is well balanced in most of the nutrients needed for the body.,Healthy balanced diet that tastes well.,2,"Chicken, Rice, Vegetables",Banker,4,1,Soccer,2,185
3.5,1,1,2,"wine. mac and cheese, pizza, ice cream ",boredom and sadness ,,2,"My diet consists mainly of coffee, water, fruits, vegetables, and chicken. I tend to stay away from bread and pasta as much as possible. ",2,"I have noticed there is less time for a prepared meal, so quick and easy has become the norm.",1,3,2,Accountant ,Italian ,Stromboli Mac and Cheese and Pizza,mainly protein and vegetables with a complex carb ,"My ideal diet would consist of a majority of what I consume now. I like to think I make pretty healthy choices currently, so it would most likely remain the same.",4,"pasta, fish, steak",Radiological Technician ,4,1,Softball,1,156
3,1,1,2,Pizza / Wings / Cheesecake,Loneliness / Homesick / Sadness,,3,A college student with an imbalanced diet trying to be healthy.,1,Eating Pizza as an excuse when there is nothing else to it.,1,3,4,Doctor,Mexican Food,"Isombe , Plantains and Ugali","A healthy meal is a variety of food , organic food that gives you the nutrients such as protein , carbohydrates , fat , water , vitamins and minerals.",Eating home cooked meals everyday and being able to not eat processed foods at all.,2,"Fried Rice Baked potatoes Curry Chicken",Public Health Advisor ,4,nan,basketball ,2,180
3.882,1,1,1,"rice, potato, seaweed soup",sadness,,3,"Rice, oatmeal, and tea",1,less rice,1,3,3,CEO of company,Korean,Rice and potato,lots of vegetables,lots of veggies,2,"meat, rice, kimchi",Real Estate manageer,4,2,none,2,120
3,2,1,1,"Mac n Cheese, Lasagna, Pizza","happiness, they are some of my favorite foods",,7,"I try to eat as healthy as possible everyday.  I have fruit, yogurt and a protein shake everyday.  The other foods i eat vary on a day to day basis.",2,I don't eat as much on a daily basis since coming to college.,1,8,5,Store manager at Giant Eagle,Italian,pizza and spaghetti ,"A protein, a fruit, a starch, and a salad or some sort of vegetable.",My ideal diet is the diet i am currently on.  The only thing i would change is a little bit less snack/junk food.,4,"Pizza, Spaghetti, Baked Ziti",Receptionist for a medical supply company,2,2,nan,1,135
3.9,1,1,2,"Chocolates, pizza, and Ritz.","hormones, Premenstrual syndrome.",,5,high in protein and low in carbohydrates.,1,I have learned to eat more vegetables. ,2,5,1,Journalist,HISPANIC CUISINE.,"rice, beans, and chicken / pizza/ tenders","a cup of rice, vegetables, and meat. ","Being able to balance between sweets, vegetables, fruits, carbohydrates, and fat.",5,"Vegetables, Meat, and rice.",House-wife,3,2,nan,2,135
